,X0,X1
0,-7.056308320718245,-7.687954186611996
1,-7.787377696146854,-7.460293339220756
2,-6.31916323208865,-7.8745023414867275
3,-7.581721029909775,-6.852679795821611
4,-6.960584276047656,-6.769379155206907
5,-7.862361028004491,-6.996855405801951
6,-7.8913624623288845,-7.669663483203668
7,-7.9367656466200724,-8.564826589482285
8,-7.733838103211845,-8.503375139878317
9,-8.373912442706878,-6.6661094620615255
10,-8.077120948958498,-6.39686334636708
11,-7.820649056069696,-7.236103159855276
12,-8.033623370774476,-7.584792102343832
13,-5.835578702375413,-7.89717024677681
14,-8.299645577765746,-7.583636627406598
15,-8.194474650929783,-8.361238096066538
16,-7.620192861596322,-6.8075708431931625
17,-6.368208235941653,-7.6078159386255635
18,-7.245722313125575,-7.288830749126726
19,-7.399984987192787,-8.378028615198437
20,-8.441138148263924,-7.325468727375837
21,-7.474933455757439,-7.113780436467026
22,-7.952211368412407,-6.87208028325297
23,-8.00447079962514,-7.536802831002592
24,-7.30218683954978,-7.849473212031726
25,-8.3355272835086,-8.094681326128617
26,-7.452957768166574,-8.729960452574087
27,-7.956614805321931,-6.359546514099515
28,-8.004808788526924,-8.874742352251504
29,-7.563154309448965,-7.44020870261706
30,-7.96233463845204,-9.001105042196425
31,-7.453623492132479,-7.362420173210114
32,-6.280963922509485,-7.621202603837616
33,-7.82683179492586,-6.64029518382572
34,-7.0313073191902,-7.528823713295839
35,-5.94251350156513,-7.325766108603045
36,-6.712777838053457,-7.25897504770103
37,-7.362508013811137,-7.321840492148102
38,-7.410129583284854,-7.791776854334023
39,-7.698785008244232,-6.644834410012649
40,-7.847617389845442,-8.030331190418488
41,-7.443199594010074,-8.96928581874561
42,-7.110252300725902,-6.7476591581566865
43,-7.350540563229914,-8.48536098205656
44,-7.871392955901399,-7.844912331095401
45,-7.682495647865818,-6.671398338189151
46,-7.462841549545482,-7.097426456329941
47,-7.35903171593525,-7.756548456884788
48,-8.172924274249851,-8.430950675311395
49,-7.725606147887015,-6.90133362543375
50,-7.751130020264664,-7.485051996174912
51,-7.342788342296808,-7.592506059480725
52,-6.575212306206113,-7.400322199634143
53,-7.814178650865663,-8.152219761539621
54,-7.181073589297234,-6.62040250823854
55,-7.685069842537606,-7.6376701632305934
56,-6.24958463154119,-7.380173104861707
57,-7.322233915107208,-7.605126296297776
58,-8.0718891419215,-6.601507660149309
59,-7.841769411575808,-8.1971016914361
60,-6.649328123579089,-7.693825057150927
61,-8.579787128226103,-7.48694351767155
62,-7.158331334901283,-8.933585900203218
63,-7.386309209926808,-7.681550574286105
64,-7.230162792786967,-6.126096300267321
65,-6.5972788235137,-8.668881928854624
66,-7.752863469774175,-7.369919827300488
67,-7.103683070392222,-8.028498371102625
68,-7.133294662423125,-8.708724561764997
69,-7.347528120954851,-7.7857624678152755
70,-7.6040935358171255,-7.19414132489472
71,-7.69879738752331,-6.773280927653165
72,-7.690044360581792,-7.525246388290136
73,-8.721978468827059,-7.743454843553653
74,-7.080090605350921,-7.5282116207237575
75,-7.342553502578915,-7.911419116327409
76,-7.781764485499735,-7.718224079310998
77,-7.511852855871108,-5.865419902644692
78,-6.1538690764779655,-8.088504032469716
79,-6.8538546369918505,-8.258970833548565
80,-7.815529993226188,-7.067611203065119
81,-7.470161921223102,-6.73506137233508
82,-7.073384455472076,-7.391139536591925
83,-6.9001077038687395,-8.00483221122167
84,-7.763785395844171,-7.3162149217989665
85,-7.801695609282276,-6.183660607543181
86,-7.073110474342066,-8.755739708486828
87,-8.3024381207337,-6.428360931223367
88,-6.033913588658541,-6.850734837369355
89,-6.759380248216284,-7.140775179741119
90,-7.651801683655752,-7.063578061749843
91,-7.870460390957308,-6.460160310909499
92,-7.906925676094337,-7.477179840525289
93,-8.274150661899414,-7.784924870638117
94,-7.826413160624253,-7.4476965335484016
95,-6.927167280962964,-7.788601455587565
96,-7.037053527422648,-6.72903156489668
97,-7.687994973102716,-7.999385447662922
98,-6.527534251735749,-7.699821175227937
99,-7.511983469194247,-6.437240635344751
100,-6.627487852478503,-2.2816244369741194
101,-8.73466858866368,-2.4873281472479203
102,-8.318159200736037,-1.8236021140790784
103,-7.4526075581119295,-2.35564056089838
104,-6.805248605168046,-2.409211602851882
105,-7.286729726720815,-0.9945977984583503
106,-7.375704187549505,-1.1623316709964047
107,-7.255654996685561,-2.8904096454167254
108,-6.924775884834881,-2.3790368115886986
109,-6.4089518409802455,-0.7758072620813823
110,-7.092639514016352,-3.046964925059685
111,-8.506154852444617,-3.4515162448060366
112,-6.67139069030169,-1.9261454551563153
113,-7.22847320834753,-2.114767608412742
114,-6.780973484213859,-2.176818050887748
115,-7.503925729218171,-1.710695778990699
116,-7.454885502780362,-2.3321600525504573
117,-7.175075467571078,-2.6108503642621006
118,-8.204799053539205,-2.104161420366569
119,-7.817286616511547,-2.6219907806700498
120,-7.91930053187893,-1.9356807112519414
121,-5.159451664189289,-2.8191382350958945
122,-8.83934427485352,-2.2172635482901235
123,-6.10445947791662,-2.5008236653292153
124,-7.290932377874076,-3.0635927566436982
125,-5.882577468764827,-1.7014954998024097
126,-7.676745659923391,-2.303076240793593
127,-7.657663520214992,-4.162806911029836
128,-7.272069012988357,-2.882267417189361
129,-7.323849891170002,-3.5576459920800465
130,-8.351756730768805,-3.548122503555022
131,-5.495200041594688,-2.270401309860155
132,-7.391219729321543,-2.4434756763421177
133,-6.88696069851554,-2.9604937764568326
134,-7.141313345513442,-2.483873930094506
135,-7.2879301192570205,-3.4177372643290576
136,-7.976165629494166,-3.3822627062011326
137,-7.937485637696282,-2.593960028004715
138,-7.206762240941464,-3.2737427725880197
139,-8.776386667517226,-3.5755478742665305
140,-9.251075979053773,-3.049020507800496
141,-7.412779289892533,-3.073015613361603
142,-7.191022888620496,-2.500610197562356
143,-6.307338948774943,-2.629617230750495
144,-7.36299633089458,-3.563446213178178
145,-8.099921451761817,-2.8072724294737568
146,-6.611270317263838,-2.5939155785477688
147,-7.537385563286343,-1.8808123647907808
148,-8.019552432866284,-2.8589403329055116
149,-6.9907893447411915,-1.6930183528363105
150,-6.4390846458205795,-2.1758873104950527
151,-5.709352955979888,-2.8718646038193487
152,-6.563484463450033,-3.0043684432162
153,-8.04705443885905,-3.8010232067924496
154,-7.072848119773586,-2.6352463731381337
155,-7.748906418528093,-1.2635242627810712
156,-7.463643421628577,-1.8399472562433183
157,-7.213556241707314,-2.891630420399323
158,-7.162763319839559,-2.3906803359700715
159,-8.11558615149849,-1.9847370073720545
160,-8.83917118411664,-2.883666403137304
161,-7.045417479950756,-1.853508598599975
162,-7.938691803532036,-2.535796577558889
163,-7.54036125940721,-3.148415333105632
164,-6.898967554772824,-3.1411748155766213
165,-6.985592116069156,-2.715851656548486
166,-6.235492956753103,-3.714786091649715
167,-7.2181777508801375,-2.0911961048097427
168,-6.889134327410405,-3.0498714938268345
169,-6.727648392967307,-1.457332125961539
170,-7.714199423775208,-1.6407743178224914
171,-7.800343626265318,-1.0290974750365622
172,-7.6182991048268525,-2.260034450039322
173,-8.028339534907227,-1.7019534681681863
174,-8.025219444770055,-2.149215451353588
175,-7.630002958914427,-1.2504889768181267
176,-6.655715787807465,-2.6767379328467378
177,-7.7372082610890205,-0.7335669692854605
178,-6.680589030069454,-2.5292969445000315
179,-6.682748504804896,-2.060728223738692
180,-7.80875642670835,-2.7048455412837336
181,-6.496263277310139,-2.4326877383488603
182,-7.61813467225008,-3.4777819008820465
183,-7.764108315665695,-3.416261092912611
184,-6.765405334190824,-2.1974631083802496
185,-6.685362869547051,-3.1062613137171784
186,-8.382764846534256,-3.3691218559473253
187,-8.208283403006957,-3.3010473150114996
188,-7.532941417452943,-3.2289214273793507
189,-6.422030396973414,-3.232679121606301
190,-8.355660826577916,-2.540346223206128
191,-7.657691743478869,-1.8021493611163404
192,-7.210053716804707,-3.11653704258266
193,-8.340381929674061,-2.0104089040932047
194,-7.500001467470412,-2.30667485316971
195,-7.665519571917425,-2.941282359802548
196,-7.5355113004904295,-2.3837995494281827
197,-7.3413300167343705,-2.0330395682960103
198,-8.138215252789987,-1.583974625402329
199,-7.51260673471562,-1.6421321977230923
200,-7.6450811988035134,2.9354154317696084
201,-7.616572404387818,1.7924044627275952
202,-7.421144080339365,2.4865984323245276
203,-6.324836260841663,2.1517764521128355
204,-7.55351822808597,3.0982021391412324
205,-8.56599697727333,2.2431649402192413
206,-6.320765788917415,1.5581667779274804
207,-7.184439234254876,2.5987321789229414
208,-8.047286272750592,2.553046794991727
209,-8.239966630305073,2.3818131985852684
210,-6.630775930511749,3.4823801991871997
211,-7.300384496488379,1.4343049275574051
212,-8.08968276108719,2.4347662327281903
213,-7.462097402899275,3.087399792817405
214,-7.64970755116751,2.4762722264972648
215,-7.692123244575316,1.9178066836910812
216,-6.977319926959383,2.4262623444481135
217,-7.715693555696845,2.380445781993804
218,-7.168534003629784,2.534129380637193
219,-7.696840667361172,1.7114523163170463
220,-7.858404858872639,3.489262012515038
221,-7.604408087167338,2.1720069044683945
222,-7.221814373962345,1.9289042215830996
223,-7.541934484392877,4.052822150995743
224,-8.298903216588371,3.17701857949263
225,-7.786272575547063,3.019123853845744
226,-6.349878674918724,2.019922079090727
227,-9.099910325522394,3.4521307466885274
228,-7.686935624717295,3.461580773652189
229,-7.131361734353235,4.134881982685284
230,-7.11000957312597,1.7960561882171637
231,-7.867752704044759,3.6605546980307366
232,-8.313609959110277,2.7666587383342933
233,-7.259821894311737,1.7651296939982695
234,-7.105082769806929,1.9333560572294197
235,-7.335624506190878,2.1324838747922965
236,-8.278158987205456,3.320485172467617
237,-8.329461022515677,2.196240130259823
238,-7.776410129192935,2.378605386553812
239,-6.852651531307041,2.9522440469289073
240,-8.510277014648038,3.2540674423440334
241,-7.054834635010385,3.3493149678914147
242,-7.844158652192129,2.808256617994377
243,-7.865559302233284,2.0790999816532767
244,-9.188754459408369,2.003132449469766
245,-8.085757785027594,1.1471155205315435
246,-7.471382117836627,2.0885834261034626
247,-7.75234647530907,2.4465042345894616
248,-7.087690465908911,2.529380912382109
249,-8.08779996578678,1.351777600929461
250,-7.461568258034606,2.7515489871568435
251,-6.6343005446508885,1.9506944308421217
252,-9.001332726287195,0.8665143181502128
253,-7.362128885680496,1.6793062120775697
254,-8.112616006160394,2.613330196938327
255,-7.518467017517109,2.3648881307731036
256,-7.21357284636467,1.7869545219649958
257,-8.09014921438897,3.4049325807217965
258,-8.057657375346084,2.609419326073567
259,-7.7846600450568175,2.618295310368856
260,-7.401502094157927,2.017790407613685
261,-7.613576478609324,2.590928342121487
262,-7.576716303153039,2.637322195845318
263,-7.862569997469257,3.5025122674543283
264,-6.184164084329079,2.207286301006132
265,-8.875754049951743,1.8365813485065818
266,-6.459687658670687,1.6429406400909707
267,-7.940700270368643,2.054533868845036
268,-6.931155647175028,3.260566760876596
269,-7.91826020129818,2.163168969507645
270,-7.422060406044486,3.174371330194878
271,-6.708541324077524,2.9698229436267565
272,-7.992634727947212,2.2352203757124203
273,-7.448512212880378,1.903812677178128
274,-8.317525784737972,2.7254074439246314
275,-8.94053119685101,2.9212266544484553
276,-6.0853467244272785,3.78522537074048
277,-6.942429998500583,1.891406757288111
278,-7.34246789021946,2.116494892898277
279,-7.573871953635923,3.1078910314693853
280,-8.312564601123015,2.5604172524380107
281,-9.143331459624553,1.2844214593462042
282,-9.231481102316238,2.0637172379383255
283,-7.097719901163233,2.76772493093396
284,-8.025504436011786,3.4152777737641893
285,-7.494757003888592,1.5611522949845396
286,-7.321290967538698,2.3679287567668696
287,-7.373740826992572,3.1545297928431646
288,-7.261715922645683,1.896559764978861
289,-7.355382387385108,2.7384525508343933
290,-6.5558148755674,2.393646253731792
291,-6.7686733542740605,2.7581360096781764
292,-8.13100742258382,2.5077930323039768
293,-6.9074910787141155,2.6675170035731135
294,-6.2820158143639695,2.804265751843732
295,-7.159662726008067,2.0016943702474155
296,-5.7050052368208375,2.51196326786388
297,-9.297191054149536,1.2302786685992735
298,-7.946758528773959,3.1912897436399934
299,-7.346612735956085,2.315752505129451
300,-6.7762801540691555,7.333282061844738
301,-7.7767066159736356,7.401823435075124
302,-7.844109889107344,6.643353849234494
303,-6.885510807891537,7.473820543029208
304,-6.805155580231617,7.050408861601728
305,-8.380073695291676,7.281562383765635
306,-5.983639828019628,7.35658941887425
307,-7.544136865297217,7.728434316219448
308,-8.39827585719931,7.285593890552703
309,-7.370615415938191,6.99451390630041
310,-8.216598706290196,7.334200977193483
311,-7.111026979748473,8.073332051606462
312,-7.043665195588559,7.754827377625567
313,-9.100958146017348,7.292042864888026
314,-7.391568242559346,7.753055060949719
315,-8.108157954658934,8.498580104015694
316,-6.3691702120605935,6.992103464069202
317,-7.673541458004896,7.517437658683679
318,-6.177760109831572,8.169449663714637
319,-8.590109195403562,7.681140099875953
320,-6.514508777599302,5.8824711562737715
321,-7.129828893899918,6.900080416506495
322,-7.9632272215023505,7.483507992184971
323,-5.940250833234659,6.334833533344101
324,-6.958803292892695,8.047961399090378
325,-8.80164345848818,7.680695957932012
326,-6.594352185505836,7.371978477538914
327,-6.942676428280753,7.339543374045106
328,-7.75509722269604,8.019593875716302
329,-6.160126215035587,8.768818050564485
330,-7.707656382827602,6.565817046407788
331,-7.696340657222231,7.762029114996706
332,-7.727365799931333,6.392589129757308
333,-6.69486148573867,8.146893263957008
334,-8.256441358339172,7.50344562494179
335,-8.628079014170291,7.958515981559594
336,-8.156072760595373,6.587088851078913
337,-5.790360631979881,7.848212489299819
338,-7.564456898853243,8.435343486944737
339,-7.775255608661174,8.566917700122579
340,-6.305820318011115,7.6572796734584045
341,-7.353120976712848,7.441815786760926
342,-6.7873056409053,7.522868719580451
343,-6.798680816248837,8.205294952650016
344,-7.642652010879791,6.688736226349674
345,-7.434252712808255,7.099596651207905
346,-7.337940094254081,7.749881963542079
347,-7.776486351924349,7.84258277281809
348,-8.343537155608526,7.24214212310599
349,-9.284801759265664,8.09956142532964
350,-6.857039017389415,7.964191212712747
351,-7.841560232054348,9.149961264208123
352,-6.956566205106857,6.514669113294785
353,-7.594742329603231,7.036183037248717
354,-6.466083414788938,7.067800738051879
355,-6.210438578353879,8.616413159482113
356,-8.501182520055508,7.769069094767669
357,-6.70151311798508,8.808370657646217
358,-6.83548523897295,7.514822411629262
359,-7.678579802445992,7.007594737978505
360,-8.290527545892129,7.412806037753479
361,-7.606737623926318,7.271482628128777
362,-8.67556161799904,6.60212963453406
363,-6.625154866081802,7.023467843990736
364,-7.839069494180469,7.747493156972198
365,-8.320147148427461,7.662736399472957
366,-7.7776865241414885,6.879257385811684
367,-5.979230786768277,6.831024877484637
368,-8.10382659350805,6.85255070873038
369,-7.736941932924904,8.373050770945852
370,-7.6236626334451945,7.460849957855939
371,-7.74792823928172,7.107805600489535
372,-8.157974303423693,8.125437873840827
373,-6.45998606972436,7.738021011240873
374,-6.1210819496927975,6.260051397364489
375,-7.196705808126291,6.853447116149494
376,-6.996139589337605,7.512662038366926
377,-6.836498671815407,8.777438635775306
378,-7.757199840223404,7.501692983344562
379,-7.279390751981989,7.490425054297092
380,-9.370503260569427,8.421830423896424
381,-8.719461364743237,7.828871061009344
382,-6.312960628067916,6.839294326240254
383,-9.789257279203994,6.895764582568109
384,-5.911253971604304,7.513368118758743
385,-7.785850760244118,5.907074044911588
386,-7.820505324393553,6.9606413081889205
387,-8.710158931335785,7.425853688266374
388,-7.203364367161118,7.379074326772028
389,-6.8592748733917706,6.946978108064442
390,-7.157427696917716,7.111713194886106
391,-8.206565062786392,7.8266412609162295
392,-8.077162711262249,7.4461389518109335
393,-7.08072633710665,8.36796426503533
394,-7.604198828934251,7.070167864368609
395,-6.344370103429361,6.6724844039489275
396,-8.507944660969702,6.461545653366661
397,-7.128732701511632,8.526339764857106
398,-7.394005584165751,6.872159616768796
399,-8.215192265665415,8.201543467767722
400,-2.2730937948921413,-8.734315061000135
401,-1.9715715943076844,-7.749378268780641
402,-1.666076139550716,-8.186429101970834
403,-2.5979001362743595,-6.180196084978789
404,-2.783334333018048,-7.70620141735108
405,-1.5968824439453728,-7.852550444589491
406,-4.060165598537405,-9.377171719345581
407,-3.005851888683812,-6.911439732015854
408,-1.49976510066758,-8.34680039646075
409,-3.3424263009022277,-7.256498173407723
410,-2.2992794220481647,-7.605505261263863
411,-2.7338790549862497,-5.147713013026902
412,-1.6329132663773938,-8.117911484642736
413,-2.3360984974709265,-7.103492837436604
414,-2.8155235181417932,-7.5480056696772975
415,-1.6389361903410915,-7.649677534911325
416,-2.197593662652741,-7.1274000140021005
417,-2.5896880544642817,-7.518164358916525
418,-2.804326204813644,-6.798419647029525
419,-3.759633273708442,-7.653830244800744
420,-2.3158408571131197,-7.80660072333995
421,-3.3161406612714406,-7.871456003400448
422,-2.822578166646638,-6.56604248406126
423,-0.5832210487819542,-7.61431033524859
424,-1.5410857333032069,-8.121432940542132
425,-1.9639324305994503,-7.934313084148092
426,-2.7420113662197227,-7.913329364257053
427,-2.9854595697005606,-6.744284908076519
428,-2.2303569204015696,-7.496208692524958
429,-2.836112435861138,-6.871150921213591
430,-2.623335257147228,-8.904642152148556
431,-2.0955705309801353,-6.977170224160806
432,-1.3099619318635436,-8.966886432656434
433,-3.958711713582947,-8.22044605941133
434,-2.1464551442829367,-8.502640855888934
435,-2.505341565449354,-8.40677883041046
436,-1.6648410928902702,-7.709506162773257
437,-1.6311381596672354,-6.570683818692726
438,-2.141079624947721,-7.704823571112304
439,-2.487068187965836,-7.852553493071123
440,-1.4199337864008297,-8.32406121091358
441,-3.365657656818656,-7.284136542360572
442,-3.005795543829991,-8.211322255974034
443,-2.4943670340718263,-6.809132792199446
444,-1.9194593698825322,-6.86318960038741
445,-2.0854238557352076,-8.200530277028598
446,-2.82603262264842,-7.836584992895236
447,-1.880414554595527,-7.6697801417442335
448,-2.261603715519217,-7.824583418595182
449,-1.7944825070074297,-6.637336420522098
450,-2.1464221963959997,-7.069478483628288
451,-2.81097277981612,-6.156164109519704
452,-1.3289279837235473,-8.18084013274576
453,-3.602086441049532,-8.282113705006884
454,-2.550227083872613,-7.851262280219496
455,-1.7935231426909133,-7.379920038615095
456,-2.625584535137915,-7.687629082102315
457,-2.187161386970395,-7.380160155214688
458,-2.152874432676534,-6.631828382380221
459,-2.8829828501409134,-8.660709875502032
460,-1.739086673181396,-7.306689856453595
461,-3.3175413512184133,-6.011013521850313
462,-2.9528189223839925,-7.591316677945753
463,-2.415813780889122,-7.809602742310306
464,-1.9800638805387065,-8.734970960456426
465,-2.3514711091799403,-7.477819387708967
466,-2.451385563808492,-6.63551014625544
467,-3.1628703742751956,-7.020684255860853
468,-3.527649494451234,-7.924338694928341
469,-2.0356412028869197,-7.0974152369836165
470,-3.9033073226242996,-6.907516280530471
471,-2.7966998383003054,-6.168726766755915
472,-3.0257254893929963,-6.174227745793953
473,-1.8709448254875864,-7.039028937379927
474,-1.9028828041531147,-7.013095923428721
475,-2.0201793344385335,-7.9524611673526495
476,-2.681631555848712,-8.660472620702512
477,-1.9761928092372467,-7.575342629964872
478,-2.8085086450045402,-8.310167066461927
479,-3.3224830194554427,-6.908860527190219
480,-2.505358177201074,-7.373983876771207
481,-3.2988874214379673,-6.897497711434556
482,-1.763833080300118,-7.974320986803504
483,-2.35391468805894,-8.399388617827354
484,-2.715727901876734,-8.828655664045192
485,-1.9858995947873699,-7.214943244660326
486,-2.864199667311167,-8.142573377918298
487,-1.7982083596071865,-7.856575426847316
488,-1.6218513023741754,-6.818685440225557
489,-2.4275135125739635,-7.676112211394062
490,-3.0645188378646404,-7.929567485923757
491,-1.6224814982082858,-7.113802640710251
492,-2.721216778446331,-8.525650581351488
493,-2.224885252931808,-6.1453800963674485
494,-2.339834530265801,-7.4737804204607325
495,-2.6613222528817917,-6.7459228892545005
496,-3.3631733399966524,-7.692515021804167
497,-2.492750673086746,-7.500101908793218
498,-2.3787239258970536,-7.866076152894233
499,-1.2410171987452214,-8.436105194261224
500,-3.09485583286472,-2.6322610907127775
501,-3.7041896302685844,-2.711222923286106
502,-3.3711149386131414,-2.195331700537643
503,-3.304127341284916,-2.1625029660985966
504,-1.4167475168384494,-2.9325982983056775
505,-1.6654384224509788,-2.9995968076833432
506,-3.440387028619274,-2.41671866536579
507,-1.994347063419093,-3.3344248158344483
508,-1.9217081476743925,-1.421959622068311
509,-2.4469335441548115,-2.253221158977761
510,-2.242594417263668,-1.7632818183663224
511,-2.5457543025529326,-2.2670236905829477
512,-1.7342987927742464,-2.7104181355503183
513,-2.9359599361106397,-1.3270152999822549
514,-2.4861530755329397,-1.5191383918560981
515,-3.016390417850429,-3.1460747491303334
516,-2.3678134192538907,-3.16150680781928
517,-4.191510717502382,-2.497869058461314
518,-1.4770430352624007,-2.836480087198336
519,-2.6827551270983094,-3.090410734963489
520,-1.8035766969894593,-3.81129374263225
521,-1.9982056193438875,-2.0676682002173288
522,-2.7620573495533973,-2.284534075039313
523,-2.3803431102154744,-3.6597525773494275
524,-2.3604785008834117,-1.8834884320591676
525,-1.8426390336026925,-2.697706380505069
526,-2.9619373525914954,-2.590806990334179
527,-2.5510940571525134,-3.013064119762652
528,-2.7069088335948406,-3.278485849816536
529,-2.601494750196068,-1.4545591129003652
530,-2.5608866321752926,-2.8146096450929576
531,-2.344454239454029,-2.64268843433653
532,-3.2004020158273976,-3.3986004454174563
533,-3.8517018724632317,-1.2013572770083816
534,-3.4481639509099113,-3.2610725731385313
535,-2.1432301577594606,-1.4889869699452143
536,-2.6751939504791924,-2.039678837777578
537,-3.710704086880191,-2.795561399265477
538,-1.6092692887431141,-2.960345256818044
539,-1.9341135143949741,-2.965950866950374
540,-2.4011043504827323,-3.218454807464343
541,-3.056679513067863,-1.2530829956297889
542,-2.0344940744181814,-1.5063842546026507
543,-2.141309524561784,-4.5325462155304175
544,-2.5554201160453647,-2.476285444647641
545,-2.1565174845100037,-3.574167365596014
546,-2.236244919365479,-2.8189980181899834
547,-3.8290595184474245,-2.5540262959398286
548,-1.4753762599680555,-3.5795372411462596
549,-2.7961205310342416,-1.6558255274446265
550,-2.5090095943824533,-2.2287472969823416
551,-2.652127430883763,-2.43914741945445
552,-1.4875766482736417,-2.528850363007071
553,-1.2912302325985936,-1.5487909586437822
554,-2.3510683980918303,-2.4817215968094093
555,-0.9796365166206413,-1.8229333664216678
556,-1.239833071285284,-2.10584615590953
557,-2.274983323997023,-2.6109804898982354
558,-2.559249993326025,-3.1338027716876438
559,-3.5275698927363592,-0.9865808335322379
560,-2.831611567377837,-3.3313381446259713
561,-2.508826381606157,-1.0564850894333002
562,-2.653473769956441,-2.0463977581383617
563,-2.4772221479003202,-2.563110008312934
564,-2.6291968035375755,-2.8334051054437
565,-3.5391849521920453,-2.0225519386696296
566,-3.0422931790316357,-3.0273668009336063
567,-2.3891556771923415,-2.8454680628746356
568,-2.5219051970440223,-1.40217865048115
569,-2.5204837490510705,-2.1363772842188773
570,-2.0964285844212576,-3.1292201510150046
571,-2.8970452743236157,-1.5726734373383642
572,-3.3313338478299497,-3.645774822155965
573,-1.768688313806687,-3.220639712109511
574,-3.0861748736632135,-1.8052457257684535
575,-1.6176158147589275,-2.3544742964166607
576,-1.6418582069472822,-2.7078132315371053
577,-2.829956412366208,-2.59883472086308
578,-2.065546943272516,-2.7063313169513967
579,-3.20023675668816,-1.896483212920013
580,-3.0662269857754354,-2.511617417015604
581,-2.5758957241002953,-2.229035775668968
582,-2.512752301178473,-1.6230438628930044
583,-1.231094217372707,-2.7949402248421378
584,-2.738489050375287,-2.144483923984848
585,-2.59501933191858,-2.510523964761324
586,-1.454269004633157,-2.7680711310623503
587,-2.3615614321754648,-2.665080047535935
588,-2.083534774788357,-2.591948731549069
589,-2.2412325531082695,-2.557236210001745
590,-2.315556757446643,-3.2122087935495247
591,-2.7479705484504966,-2.675994216120253
592,-2.797954054527026,-2.6297166471850018
593,-3.984549704115867,-2.1465032546257286
594,-2.8969018513463016,-3.293499918705107
595,-3.1244015128719713,-3.315898711350817
596,-2.3659265538206875,-2.2105310699396035
597,-2.984777872682471,-2.8585630547059617
598,-3.1198585049355643,-1.4588859338542262
599,-1.8955693629497774,-3.349918386252855
600,-1.199225701174887,3.6278623048808933
601,-2.57734213935454,3.175908833792718
602,-3.5874450016089994,2.7253432212272375
603,-2.4441709420105617,2.4746388343278825
604,-2.6732966516710506,1.4669915482885019
605,-1.5520180092205056,3.3890689151742883
606,-2.8533744739659737,2.7588405781175043
607,-2.328069849251709,3.8059518260343426
608,-2.70428916476149,1.8102610531340375
609,-1.7810206109645885,2.593336649616742
610,-2.917634290072832,1.4921362971206888
611,-2.6304162070304447,2.511451389394918
612,-3.501660992113271,1.926594454992658
613,-3.6058782532382834,3.51801239429033
614,-3.3588094337525773,1.5770171079050672
615,-2.5519905543125567,2.2338290366748845
616,-2.6080863628129185,2.4949515832190206
617,-3.1123995219275895,2.906750392824459
618,-2.2893047463450404,4.29803133028147
619,-2.567310532028315,3.146162903496016
620,-2.196942753754645,2.8057500975277865
621,-2.7303957033801574,2.12837174337174
622,-2.842190703136625,1.693446492183329
623,-2.6502285291159082,2.8607597102497517
624,-1.7265637615367218,2.8701924875548537
625,-3.136236310528471,2.5866980569550813
626,-1.3511868790938553,3.1741635561012176
627,-1.6151744138905284,1.724976900816272
628,-2.7655909429142382,4.023771801756968
629,-1.8306453226602653,2.3400357052282317
630,-1.2733517835580792,3.261625802001844
631,-3.0141115818406363,2.4851741535895178
632,-2.165669704086096,2.592308121633106
633,-2.1138340016335744,3.8246019226998866
634,-2.1014339214401154,2.5535933053421966
635,-3.9966106753840744,2.9559276215090415
636,-3.4122300195527187,2.398469678808497
637,-1.7977914785266464,1.1064108644217026
638,-1.6776043324061816,1.6240199180671637
639,-2.7700557424604133,1.790459351011588
640,-3.2340317946268824,3.0184841804372002
641,-1.668705792440235,2.2478235077536883
642,-3.8349337456523993,2.538837063359444
643,-2.8504520987784874,2.4904363972052583
644,-1.4012417228556393,2.5463319784789546
645,-2.578902541772393,2.4006188314353425
646,-2.706761644870031,1.5952806672551998
647,-2.0298571054532326,3.133209450110761
648,-2.505362588374975,3.0688563732807146
649,-2.0872965488959507,2.0336079098943793
650,-2.494609112710587,2.707804305053765
651,-2.4699697065696187,1.6266485835229376
652,-2.404989285190668,2.2944980239994583
653,-1.4540602628720005,2.5975554289067695
654,-2.8849692180233073,1.9612860830616254
655,-3.1854923128600756,3.231643540175487
656,-2.0850928738253005,4.296716972657653
657,-1.235156289692722,0.7794007597398285
658,-1.3276155294726661,2.5317124358511274
659,-1.5519019259854248,2.7298407331955783
660,-2.2159486248523628,2.481683352917879
661,-3.0659602849953522,2.4793674057306756
662,-2.014789536526939,3.0555520076895815
663,-1.9611792009511886,2.1651728613709817
664,-2.1020008581215053,2.8374641598073733
665,-2.17992645427324,2.0437515673538127
666,-1.376003813552636,1.047385387792938
667,-2.996564324371613,1.5408349602569649
668,-3.4869015797339973,3.0946780944122425
669,-1.9693588374366306,3.564833113658323
670,-3.222991671695241,2.6047509294354683
671,-1.8798551733085844,1.3210991360632183
672,-3.605743680882741,1.7397760750142317
673,-3.9458911850152836,1.9165044160121874
674,-2.964928470401368,2.8148641240077303
675,-1.5816050713357495,2.5845144615051696
676,-1.6676406114853206,3.0866518344356146
677,-3.8961584143232604,2.9473546978509484
678,-1.7863577833676614,2.5758025846410275
679,-1.8582157523830762,1.3936233069071533
680,-3.0060105863396487,1.749755546328453
681,-2.210550390473506,2.6531004371179105
682,-2.185267134927118,1.57819929044412
683,-1.5655199146420833,2.6248363108256347
684,-2.0100561269553547,2.6279342354975994
685,-1.826894490108977,2.0446602314299898
686,-1.9865848215390063,3.399425221947838
687,-2.740311740228339,3.238244195739661
688,-1.5792916010161555,2.888771405323568
689,-1.1275208833864439,1.5275799011813547
690,-2.9222489164834737,2.009964500550069
691,-2.9525737299252253,2.648334847874148
692,-2.5135268550012153,2.0129920025292973
693,-3.319598257341915,2.9512693393783915
694,-1.6170536328689684,2.151316842200832
695,-2.1471064823455523,2.15008254053275
696,-2.2008761728533655,2.303411710301829
697,-2.371304886989301,3.1419317085124243
698,-2.7933746937019768,1.7523448306178975
699,-1.6463490993844174,3.335328319606763
700,-2.174677798711673,6.940879162635048
701,-2.5109490012216624,7.946451759483277
702,-2.462180764493487,6.021007853407397
703,-1.6871304561645886,7.281150570322628
704,-1.959934562658738,6.885813317747111
705,-2.141782515189885,8.735722079084127
706,-2.2045105282844624,6.935855815213414
707,-2.265224727164471,7.341329520253704
708,-3.249864527114126,8.130781981492126
709,-1.6028882019674424,7.766001886554758
710,-2.0427502841728606,8.194594449820805
711,-2.204827493244186,7.27857549842938
712,-3.1251312232248685,7.77660491171274
713,-1.5350476918955547,6.980234356224868
714,-2.7796357657987554,6.766386066289967
715,-1.7071345481182658,8.221137844550539
716,-2.207494276429663,6.998820517417094
717,-2.910415532277871,7.483836029695263
718,-2.8207500891090946,6.993710255767212
719,-3.739195654978109,7.701803140673415
720,-2.238583491131724,7.872835657689386
721,-2.3532373671755904,7.619843980461427
722,-3.3360957943563156,6.747379935722153
723,-3.6833713558252326,7.224982397790214
724,-2.1081057286284337,8.491874235082363
725,-2.2346042581090284,8.430889823185613
726,-2.8224199719480794,7.682684796679392
727,-2.924635940558796,7.96088225064698
728,-2.0059352181298906,7.636713493717285
729,-1.378194039762014,7.973450243725555
730,-3.1986907170198697,8.534917860846873
731,-3.369882839835206,8.397090463213079
732,-2.0916711868857,7.272770368486442
733,-2.214179274780941,9.53617781107144
734,-1.6540076838716484,6.090429696729371
735,-1.7035766288422969,6.671081723388064
736,-2.842646614668671,7.739734039843547
737,-3.248757725638086,7.481000956546826
738,-2.237954330477252,7.437269624172929
739,-1.569806499552512,7.397339725480431
740,-3.1377660022000384,8.282326781034705
741,-1.9000856936164299,7.897703982826163
742,-1.2974376356355437,6.858672078255825
743,-2.922405650861741,6.779221131377815
744,-2.4057025457694587,7.902992230754146
745,-1.7271858442995873,6.666021394770967
746,-2.364605764629464,6.785668466426121
747,-3.9150334932225315,6.609286168498838
748,-3.217982413028903,7.341506026885008
749,-1.2827484119249808,7.665548280302184
750,-1.9000138229729089,7.718828264436157
751,-2.468527633148852,7.50394425972829
752,-2.8964717213104136,7.104066075108945
753,-3.656386791288229,7.673417223794705
754,-2.979676295481428,5.941282104086759
755,-2.508380437030366,7.678032559501343
756,-3.603749394214544,7.548149108656728
757,-1.674359490551844,7.843922344694015
758,-1.7253046088062205,7.687714522333881
759,-2.6793933710846973,7.425803511283641
760,-2.219171629750905,7.022579245109509
761,-2.0223856425748883,7.4717530190783386
762,-3.100600797694785,7.738627592727672
763,-2.2157535105288964,7.034707333955908
764,-2.689281579064058,7.315276511196765
765,-0.6834688433196976,7.244261924324475
766,-2.855498002382676,8.041721881266733
767,-1.190962202675729,7.643645304105261
768,-2.204342213675512,6.6316407352436455
769,-2.76874871507161,6.123320334774737
770,-2.1397840505165484,7.8118476368111445
771,-2.4355759086360247,6.608151738296793
772,-2.4391294153025855,7.690498370195454
773,-3.079919553592603,7.161654016088722
774,-3.0281828572928995,7.765409555921965
775,-2.931075128402542,7.9270232809774885
776,-3.3228035528518687,7.961991193795424
777,-3.0957779032960193,7.587610139054044
778,-2.9840684955674157,8.050239490913325
779,-2.2216977127108968,6.758593970987185
780,-2.979123505856463,7.232960681504348
781,-2.2452761853084335,6.7267398621207874
782,-3.0962540057907164,6.454640496277755
783,-3.178243726520108,8.304462712964709
784,-2.2330869484123395,7.4572813822688495
785,-2.5231917735435725,8.251512238276982
786,-2.3984270409822357,7.028795151956598
787,-2.0240591225323574,7.184820721449579
788,-2.277151636033773,7.465394065693322
789,-2.1525571470457217,8.991228186263513
790,-2.0835869833063634,7.921045579252175
791,-3.380025237864518,8.040579832148639
792,-3.1460941974158683,7.314874961832429
793,-3.7227923589144583,6.813208752289322
794,-2.0251517242536163,6.106912007191096
795,-1.8176333038214403,7.443179233627509
796,-2.0118686515833453,9.317509008542883
797,-2.6563647600056006,6.714338989006273
798,-3.1198534747280897,8.182289157521993
799,-2.5241155288947126,7.5560004257880315
800,3.654283101068745,-7.885481236132862
801,3.000896658758056,-7.453458272824657
802,2.9835681837849775,-7.139397266529758
803,1.441625033351215,-7.356176671291998
804,2.786623113789627,-7.806435185139142
805,1.4390452655253472,-7.590082925909142
806,1.9676708838943955,-8.602615947567639
807,2.2375932683539523,-6.8201553591945805
808,2.663334381078823,-7.8202510106307175
809,2.660694161656042,-7.624351178121976
810,3.050530114607952,-7.6364514209840895
811,3.3394225407373224,-7.415340911959242
812,2.5838600694016782,-8.848489311395713
813,1.733693956753224,-7.918736397565674
814,2.3663040548699334,-7.335412857653658
815,0.8707174120974721,-7.159130540741259
816,1.8693014268061623,-7.355480065959776
817,1.144762626517829,-6.722605766649071
818,2.7928761148878216,-8.312655824331426
819,2.664529859666943,-7.728544276797639
820,2.4238009598042005,-7.833069380377235
821,3.391660311874385,-7.680229330468109
822,2.323803913387033,-7.15978298532566
823,2.5372147992437855,-7.7761988550213434
824,3.619769437019979,-6.910175725929627
825,1.2348190539771824,-8.501996519129221
826,2.6485253073685744,-7.068901964106055
827,3.004673871441608,-7.33025215999152
828,1.5792836505208914,-8.199207136288479
829,1.9859610855654704,-7.0476915561106654
830,2.6892490017894017,-6.957246314585964
831,3.166248746064202,-7.103400525333978
832,2.3460959019235093,-8.663477968724795
833,3.4449019181422207,-7.470744173211284
834,1.9442334352943336,-6.412897553846563
835,2.8924646915950403,-7.032830157114161
836,1.4691130529172947,-8.347906708890545
837,2.258076268145138,-7.373080472776389
838,1.848830383541692,-8.241479919752845
839,1.9096956620124712,-7.902592569881901
840,1.9904470437226762,-6.802229926021131
841,3.0871805539614425,-8.154541026576696
842,1.7060523320525327,-5.716311828093686
843,2.4326879962668615,-7.772048764731191
844,1.9398981070793628,-6.808948655398955
845,2.718289467625355,-7.244205810757458
846,2.9179723337522177,-7.753101814601136
847,3.363534140696945,-7.505494125738105
848,3.178531107470138,-7.192456539616928
849,3.6870381927821008,-8.079747145794748
850,3.4910326995589047,-7.351241162648238
851,3.7297498974498726,-6.467999111230772
852,1.850148591875581,-6.776375901222599
853,2.7467301104398305,-8.22062652079726
854,3.392561087956176,-7.733663242512675
855,1.3129824514757467,-8.87025812889488
856,2.6054314794429727,-7.256187790358717
857,3.827563726853612,-6.816311003009376
858,1.4054551525956591,-8.754304745986692
859,2.564697658391967,-7.262594872399445
860,2.2240813457879973,-7.833969433797901
861,2.953442239293704,-7.695325635629415
862,3.5712925978513854,-7.914167574608618
863,3.143159926303854,-8.002135895767706
864,3.0837142753420044,-6.764148004836939
865,2.6050115416602773,-8.342004813518363
866,2.859012659494393,-7.766599203063864
867,2.533719814546112,-7.98020210338936
868,2.5895671145021644,-6.936784289036734
869,2.917663094601837,-6.925259975196486
870,3.32652218482019,-7.291923828260971
871,1.0468278364316155,-7.320856678256928
872,2.306369959172486,-6.672004179776664
873,3.2669017452949842,-7.40917326235547
874,2.5397733390256025,-7.666403914491362
875,1.5513170338695739,-7.665500479722676
876,1.66677361146027,-6.441178634536036
877,1.5440330844246812,-8.212059382422115
878,3.495888825771357,-7.174743029318754
879,1.2397653510055247,-8.403607466549031
880,2.2323291477314102,-6.569351779112592
881,3.6669424079264763,-8.544427520140191
882,2.778905925988798,-8.08256090076296
883,2.292195196252168,-5.232836802369533
884,3.0288338286206358,-7.159712502971249
885,2.5814211265098335,-8.557340260638648
886,2.1372842345452208,-7.197779897928265
887,2.9466934617743856,-6.477718553170492
888,1.6329801740394525,-7.410400853405821
889,1.1809400984799525,-7.768583978935217
890,2.7905877458677892,-7.66572374964433
891,3.9738100202636897,-7.640525534341106
892,0.6875663433848735,-7.368806094902036
893,1.8812936501644972,-6.551732873448507
894,2.1930888355582376,-6.376346087319437
895,3.2009802328818457,-7.541205736796013
896,2.199344633507141,-6.8638144294122885
897,3.1432656915918673,-8.264975520298242
898,1.9949295637010516,-8.031259095682271
899,2.101652884712821,-7.574761582171778
900,2.4295549065509916,-2.8777038816973617
901,2.007848949797706,-3.479075043931709
902,3.159009469760842,-3.0952545437190087
903,2.8793559531278357,-1.898000308350613
904,2.8541458754646607,-2.033820733372525
905,2.2609493700271726,-3.2129371834972336
906,3.171320542402004,-2.830007269439471
907,2.413514569693007,-3.2571678782748683
908,2.741159436875156,-2.796935179048137
909,2.5136974833920958,-3.401511722215164
910,3.7530806911965,-2.879286533742329
911,3.0530018382310726,-0.8562591170311911
912,1.7991669734059463,-2.9207936983063614
913,3.6178245647502507,-2.2426940310140893
914,1.3632073064476,-2.9434225947332844
915,2.8416078756777794,-0.8876724057212981
916,3.244568858524068,-1.8028123301939418
917,2.712847643677958,-2.8116461408606632
918,2.8672487235880384,-3.147685394553148
919,2.012255052699259,-2.018636676153981
920,3.945416462749693,-2.5163315632786247
921,2.0930125726553612,-1.8224173857837243
922,2.3976668706524564,-2.1628871220405905
923,0.9951304912888363,-1.4334679033877569
924,2.412647139984048,-3.516509921133273
925,3.5931388401186934,-1.1463998592356082
926,3.4239338095684793,-0.2908475152024912
927,2.1932487410842136,-3.221513568933304
928,3.4876217484448464,-2.7443646597072036
929,2.829141180327109,-1.9872052377364353
930,2.3414244552450425,-2.199923340715917
931,2.8389204010358022,-2.1372205840675718
932,3.532757592395492,-1.5303878915024816
933,2.123819951244501,-2.1978892446179272
934,2.919882259592542,-2.2249064575348374
935,2.421912494937794,-2.9554945957065635
936,1.9120954991933155,-1.9335846150453824
937,3.634563815678269,-2.375789593508168
938,2.546873425869895,-2.379005218963557
939,2.372732475991367,-3.1566981202865168
940,1.391849586785106,-2.680760913012782
941,2.8103890461737886,-1.8794699857490604
942,2.1535391544119467,-3.501620203145438
943,2.318713698559947,-1.2162267628442482
944,0.7041214461220233,-2.5118743591294668
945,3.0013618290373767,-3.9284928371097263
946,3.633391805649688,-3.1974272593349107
947,2.513313685326913,-2.36911168398163
948,3.2461950144501865,-3.7351020254250495
949,2.914521148011618,-3.78641673263896
950,3.167628140072703,-2.920408946808969
951,1.7883493896544342,-2.7108781073033317
952,2.8674156090824,-4.109806555232418
953,0.9058359362622739,-1.995236602137013
954,2.518191004908821,-3.3405912995429228
955,2.101000032640199,-1.9987512037781507
956,2.559000233152047,-2.808573713069595
957,2.8205593137486114,-2.2296869613600454
958,3.7874207288601696,-2.6581936379872495
959,3.43872511689403,-1.7245936507658668
960,1.6902129705396476,-0.182333817748225
961,1.723425901006979,-2.909071945075165
962,1.886697659305172,-2.0123957127706467
963,2.671579875813191,-2.054098370504389
964,2.320931042383829,-1.5606951535847338
965,2.5253654273962165,-1.9462812212044027
966,2.7524816457706063,-1.40083532263721
967,2.5142270539603815,-3.0799193583066318
968,2.325607474936819,-2.399735074064664
969,2.119133931938299,-2.043556562497611
970,3.788161773423116,-1.6672140148167087
971,3.009085531445277,-2.124877803669364
972,2.7427820110445453,-1.485748560276871
973,2.5426490925667826,-2.0599271014439027
974,1.6877543275733913,-2.3620722079078864
975,3.1014429348787047,-2.7272813685431356
976,2.8303910910528525,-2.6722391590877828
977,2.9173210702794354,-3.1431987243867927
978,3.259756976075729,-1.997973904266252
979,3.365394235781774,-4.184702834320391
980,3.102405483622876,-3.187840443451951
981,2.322514777426428,-3.12490987167281
982,2.843531159297227,-2.5474437705647923
983,3.14481084740246,-3.42916336440568
984,2.437279109257596,-3.294881857177212
985,3.6332855279976046,-4.698801288586727
986,1.4978892671915542,-2.372038231875554
987,2.4294990170367554,-3.0291111697118067
988,2.8938780968556417,-2.758195620366889
989,2.2598267395449567,-2.6887274706226973
990,2.233577599581673,-2.356827159373858
991,3.43937731392941,-1.3329760432780637
992,2.4888812062216132,-2.4163970702440243
993,1.661748548661788,-2.130825116318802
994,3.5663072612867284,-1.2109898572834967
995,3.3480035634354506,-1.6181058898370337
996,2.4027948334005043,-1.8712033091714286
997,2.2146696249763966,-3.040990576324972
998,2.515287524329421,-1.9727832027463872
999,2.652887214899329,-1.6955879594266108
1000,2.5613865895205805,1.8652553774583351
1001,1.3439620855157994,2.3176532209836957
1002,2.635660207047569,2.1322436728080434
1003,2.5712679320555476,2.741094429559532
1004,2.5347827883713996,2.7210230087575016
1005,3.0953453647482903,2.633456537777407
1006,2.1419141592689845,1.283570918706929
1007,2.81448800294989,1.9757796638762621
1008,2.037988760446176,2.405919787101152
1009,2.1245121981063417,3.2561573968513624
1010,3.0678263044816734,1.8057970004914523
1011,1.2368525084340634,2.5144654932238093
1012,2.9452836710277106,2.297663744861753
1013,2.1143248027310135,2.5307010920340636
1014,1.2002315481135675,2.501213376434332
1015,2.1910012774923247,2.0271263182765438
1016,3.352261916350762,2.191420488056922
1017,4.02115484228055,3.113477311294215
1018,1.769802212232818,1.9896479303841796
1019,2.601399434741517,0.6685845606964633
1020,3.3937157808747984,2.6640859548092624
1021,2.775689055404669,3.0967374731211317
1022,2.671878319333704,2.7554370821092213
1023,1.5444966311702695,2.74817697341165
1024,1.2039961154944783,2.8160387569282856
1025,3.0815813647461225,4.684086680635156
1026,3.2490875190038593,2.1505423861360096
1027,3.2507107345223485,2.057986928990785
1028,2.7607270823549674,2.404689573720634
1029,2.5273992551253563,1.7922931745726296
1030,2.1131742281897004,2.4879077566105443
1031,1.843097234660597,1.747743573154246
1032,2.8885011454990073,2.671509506033899
1033,3.295699852185174,2.1807252282048863
1034,2.956806508597883,2.6461754902927552
1035,2.455581696299541,3.135004829215467
1036,2.340982960607957,3.661396418105963
1037,4.422233207545414,3.121035544280751
1038,3.399172599527354,1.6367409060296363
1039,3.1253417362502347,1.5953818885675897
1040,3.5184163912210282,3.7201281443568455
1041,2.3868939766501183,2.3193504756407757
1042,2.665907753760703,1.8078287909557802
1043,2.506179218047259,1.9552534583605923
1044,2.878796452810661,1.8130796230128547
1045,2.5270021358393846,4.258299603979532
1046,3.4351236776383622,2.8857382043236783
1047,3.1441460502982364,2.797484558547729
1048,3.107826828869824,2.1492707521994174
1049,1.6368210628956883,3.3230282597534293
1050,1.7573015032512855,2.1140262339947284
1051,1.6969958591468504,2.557297939951936
1052,2.4494150691746825,2.4313092767619784
1053,0.8326296844251417,2.0441713492240456
1054,3.425599661533084,2.603166001816212
1055,1.9684161971283523,4.190994563569639
1056,2.5970342058270734,2.37172144501113
1057,1.7640710720378987,1.9969303825416933
1058,1.8961808002810456,1.8260858965986355
1059,3.1044290039681433,3.2983689689821776
1060,2.0598829961112988,1.7728706115358452
1061,2.857214580101655,3.11546692141537
1062,2.981335051334533,1.8685257934991548
1063,1.6580526822665085,2.8809862341735997
1064,2.9216599438421915,2.798857529519257
1065,3.4634013100592664,2.2124723590340674
1066,1.4230219419961516,2.039132975754472
1067,2.6455348727112358,2.22859319927358
1068,2.697242507619171,1.8055405966394904
1069,2.2997711331952106,2.793451546969181
1070,2.0196718709881525,2.217998597924481
1071,1.9105582333922033,2.903413086524983
1072,2.067686020240334,1.1499472488906668
1073,1.7986746674922376,1.9137877235419931
1074,1.6693832344968578,3.504475488797355
1075,1.8678993523809482,2.2490794295234684
1076,1.607025825159334,1.569339827198627
1077,3.968340965492522,1.3954589946082514
1078,1.633650693034094,2.8232011714174146
1079,2.065525733852411,1.6591133587135023
1080,2.397162447049367,2.879794157807489
1081,3.947631751086314,2.3534484257802557
1082,1.7972769387308376,3.0621006714798287
1083,1.746423559395611,3.0259817540576774
1084,2.2677384073457874,3.46038344978926
1085,2.6088103769367095,1.9689947832795005
1086,2.673703509903179,2.3269085271961205
1087,3.194639570326168,1.9281675838663384
1088,3.628332804034048,3.5971622790551754
1089,3.002089233344237,3.630576109239694
1090,1.6015897362901916,2.7400397168708235
1091,3.0942532154745566,2.1296491445738948
1092,2.25639016837093,2.2112397686056906
1093,2.7586401003289014,2.2452111726842627
1094,2.1194357852531738,2.81229609329364
1095,2.1290813588370607,2.3376266144581948
1096,4.33264546200739,2.4144791966278065
1097,2.855701788916294,4.126368301543199
1098,1.5839695325633851,2.678745405898495
1099,2.016913978582131,2.5621504356002296
1100,2.511488372538597,7.257522952396698
1101,2.5256314231187478,6.971740444994704
1102,2.910399403636766,7.780176958975469
1103,2.9642010496308444,6.6023408386406235
1104,3.646900076448982,8.274646889524645
1105,2.891415001522587,6.1076784205247625
1106,2.377597864579206,7.009390922589822
1107,3.2166476257180427,6.866171635907651
1108,1.814831156028288,8.036200968675047
1109,2.5785222996175494,7.436189594705714
1110,2.5027096499865804,6.408664490975227
1111,1.4425371159641616,7.647604181283878
1112,3.307799872862031,7.413297897666883
1113,1.9965392240664182,8.155945689529366
1114,3.0655714004443944,8.251365513407674
1115,2.3557604912945007,7.722217160189387
1116,2.9330799350900194,6.39990313453349
1117,3.606697585433765,8.794564563150292
1118,2.582853119247565,8.869379006745566
1119,2.310794394779342,7.12817116938281
1120,1.5500429388780645,7.707182142873272
1121,3.021092605747189,8.514626552210808
1122,2.3237957097298434,6.523300674607205
1123,3.040754680025601,8.462317396642423
1124,2.926284588951531,8.153767670016245
1125,3.14061411503988,7.365787260892731
1126,3.3223532148086337,8.774057853888745
1127,2.6353629691178146,7.588967710508738
1128,2.6539929433268368,6.685861080277418
1129,1.9177844124648997,7.242245615299666
1130,3.337125404971465,6.841080392476686
1131,2.2527233013581016,7.449725809573817
1132,2.4240451579910047,6.812885840152341
1133,2.951071663713016,7.995389118473781
1134,3.33804247095126,8.793004084214267
1135,1.6114884276313384,7.757327914843206
1136,1.6448730259451299,7.617246491845666
1137,2.282006864179744,8.583368805163914
1138,3.3997989782839673,7.6702257176114355
1139,3.058501004573451,6.948577095891425
1140,2.3928176812448037,8.097913385349658
1141,2.3236629806165126,6.5753444304536535
1142,4.022143267790614,7.0355209267358
1143,1.4783218228278125,6.609491421066581
1144,1.6305777984832064,7.276624909960603
1145,2.5715129679389572,7.626418310338617
1146,4.094169671453834,6.926105827007369
1147,2.307268066932342,7.676871713302092
1148,3.7081356824066782,6.6801327947046945
1149,2.6279105300245864,7.022919212454202
1150,1.7345010571896233,7.171357574470994
1151,3.3646695995019673,7.890734009491988
1152,2.1265784213391163,7.44500803725137
1153,2.9304401375764906,7.9242564289998345
1154,2.36764766291733,7.60310777940701
1155,2.916184058957878,8.474539980538905
1156,2.455659216410832,6.04978883084897
1157,2.885590032982109,7.319109969087553
1158,3.269546565684707,7.420036236486968
1159,1.7905283096660791,7.0155462219312765
1160,3.267768459442034,5.805959043293771
1161,2.4731568965239497,8.17992636971686
1162,3.4594268450016994,7.901916770343609
1163,2.423716676723185,7.532435076205342
1164,1.9950831866585224,7.107823404732986
1165,3.0672328777410693,8.020317408520786
1166,1.9256153892636858,7.290800982508213
1167,2.2862555263139503,7.01046618595436
1168,3.2715900084487277,5.607447063855544
1169,2.3584719201150115,7.368013617486597
1170,2.285566352415015,7.278499588749633
1171,2.470202558665244,6.968452593086097
1172,1.9528316318227694,8.291197275219009
1173,2.9341249212543175,7.864001541206061
1174,0.3631096149166928,6.858817825309455
1175,1.9444341899823474,5.950701667432881
1176,2.667054277717372,6.65805807653005
1177,1.8216430276226072,7.561484514812294
1178,3.2161190859928923,6.945996555775621
1179,1.9183169074246038,7.6828152859293
1180,2.8341852234948597,7.520227111139601
1181,2.8143006788560965,7.451906217613897
1182,2.891426861370991,6.847264206579714
1183,2.00875908033342,7.351961717731116
1184,1.113246275950636,7.170284403880985
1185,1.8365818099959526,8.89138752173329
1186,3.0464280793761285,8.77767949445992
1187,2.5537127126884998,9.670344642725198
1188,2.5735269306861963,7.434688916990287
1189,2.5604605469756065,7.778874740878798
1190,3.155973090436613,7.319829604990338
1191,3.9220094588241743,7.08169010698683
1192,2.718194552084724,6.836175774617812
1193,2.0439265765313244,7.741887096785869
1194,3.350209405299608,7.940125461047121
1195,2.9769991226472183,7.5764635007402195
1196,2.6916814759363943,7.297386273169752
1197,1.898079751137351,7.495374812317623
1198,2.0672231149053886,6.529014501334893
1199,2.9702613700545264,7.285278858424618
1200,7.425128983654776,-6.578166500267818
1201,7.483512429684229,-8.099327638934586
1202,7.3924525018058596,-7.445118493268732
1203,7.145898487664181,-7.338219553432365
1204,7.496468477013292,-6.806135526305566
1205,7.711623280459205,-7.83341624729369
1206,7.644070870424057,-7.075632949310452
1207,6.219531603701691,-6.2811667186051725
1208,7.034012293658113,-6.922667750213599
1209,8.46933275724199,-6.735620871234339
1210,7.121547519776656,-7.449880402574666
1211,7.557373734393835,-6.828025722610857
1212,8.272457395855268,-7.986202942618353
1213,7.9073366346170335,-7.139069227066971
1214,6.109591531436214,-6.935944437057744
1215,7.171945233767898,-8.275276430159309
1216,6.678313478506395,-6.855227894414803
1217,7.7236587855346315,-6.533338345473334
1218,7.480355034851867,-8.362709916551431
1219,6.8269381567014396,-7.33316662315653
1220,5.009666764291375,-6.900273816228621
1221,8.013136668624437,-7.507394782832396
1222,7.658454779098046,-7.987724768671631
1223,7.996355071178687,-5.932549574754114
1224,7.546074743684353,-7.238450264022811
1225,7.293663815250628,-7.070664653856932
1226,7.89915746385217,-8.896960203316727
1227,6.399126285347636,-6.935839502286753
1228,8.0317461239944,-7.333569065746095
1229,7.35469206778841,-7.71634184708921
1230,7.775997813236496,-7.305598563059684
1231,6.7687536032136215,-8.609665578794424
1232,7.753970676211795,-7.025296069647121
1233,6.2632499605048455,-7.5278259169596025
1234,6.579557666972382,-8.09514388188356
1235,7.384454960184107,-6.9390580599362295
1236,7.488790488594998,-7.352111565763612
1237,8.327491456131,-8.077853890739766
1238,7.150121687738746,-8.079741308459436
1239,8.605029629646307,-7.857538373857953
1240,8.265486363592371,-7.059828550698192
1241,6.988686548836374,-6.29201344970315
1242,8.893799152735939,-7.6259741587551035
1243,7.293238707019563,-6.737235134878064
1244,6.539483402750493,-7.4395649419080225
1245,6.8767379681548615,-7.37288190408894
1246,7.6292743852692855,-7.3649320982408115
1247,7.482010303367485,-7.898091559667056
1248,7.067395354277221,-7.846644159313417
1249,7.026429610884548,-7.587450766582362
1250,7.3984519683991925,-6.609917886814241
1251,6.600109529015048,-6.644468920033753
1252,8.036715708813787,-6.731115784097137
1253,8.0509878309281,-7.340219853860408
1254,8.310694562936671,-7.609837078161214
1255,9.015101088319502,-9.496751574588302
1256,6.803889708181818,-7.043023729626341
1257,7.834163784620164,-7.545055576791043
1258,7.780382330614073,-7.414700569059091
1259,6.970320501317423,-7.5807820887829
1260,8.440595133858373,-7.408395736199595
1261,6.454853563771611,-7.022813679621941
1262,6.793850695327612,-6.517213789477383
1263,8.61588451456196,-6.614018287974274
1264,8.034626818672011,-7.83999194658706
1265,6.947664320114815,-7.589139176899042
1266,7.675203011857771,-8.744211834888691
1267,7.5979934324241745,-7.284054417132552
1268,6.595418697036333,-7.004295012840849
1269,8.461217077865161,-7.631581127809176
1270,6.337810327321092,-7.734256880245781
1271,7.283806781516726,-6.873910263232675
1272,7.2772643159805,-8.667799025222685
1273,8.250679275585458,-7.224167700951371
1274,8.156174349120676,-6.351418748634968
1275,8.249019550017348,-8.497647488712902
1276,7.799418183725204,-6.514426944436337
1277,8.152025307356594,-8.382039611635848
1278,7.848102943395934,-7.0211885436485995
1279,6.897921802188538,-7.126692166224379
1280,8.003447696391415,-7.016493143747654
1281,7.849178697870507,-7.941820771817558
1282,7.992534264185973,-6.696310189358188
1283,7.032995376851839,-8.028125648902913
1284,8.037823917988504,-7.2654857121220635
1285,6.895541092246607,-7.659817419251518
1286,8.192672241583338,-7.160594289369393
1287,7.31147240486507,-7.825575154881063
1288,7.3919910128153115,-7.567419530161971
1289,7.1292449954028925,-8.940864423151906
1290,6.999275940214125,-7.7311699623206485
1291,7.840207569522297,-7.714313220643107
1292,7.392404453826057,-8.168888876992575
1293,6.638542355321156,-7.420788970730679
1294,7.420620623314613,-7.403846732847456
1295,8.392233123199764,-5.4329399813015335
1296,7.493754943392089,-7.389058779721829
1297,7.627967697049342,-7.844056865519845
1298,8.75426627229897,-7.268885869618981
1299,7.864953112924216,-7.955383882332198
1300,7.934693699785954,-2.8488676870874157
1301,6.957590740847026,-1.7804339725084122
1302,7.414147862318571,-2.3278991434955976
1303,7.727896618294749,-2.7333050056898625
1304,7.505998888341487,-3.2854138425469803
1305,8.848625465126238,-3.683466196158561
1306,7.174450755034974,-2.4709406261175735
1307,7.406797720393035,-1.835209974562088
1308,6.842476526563472,-2.243147708967549
1309,7.430240376061304,-2.569385921872092
1310,7.96959678501922,-3.5022857809468086
1311,6.74768883260862,-3.7617347035251463
1312,8.878438774295152,-2.2423403235137176
1313,7.865780537539149,-2.3147152640896627
1314,6.996771433864324,-1.3312341052718584
1315,7.306065316908904,-1.7673114687701967
1316,8.121201374838357,-2.354835982032055
1317,6.88281321575961,-3.7049958644754124
1318,6.7262911923740925,-2.4726173977311996
1319,7.900374691391328,-2.73622304909877
1320,9.107036465635343,-1.1848331857769703
1321,6.4968288696313135,-2.307609104271743
1322,6.823556573747588,-2.440621297062528
1323,8.020653480002677,-3.345085946772027
1324,8.332199677486226,-4.00742109561176
1325,6.6073247994937585,-3.105916155447272
1326,7.39042270428263,-1.896294950722175
1327,7.27776780228025,-1.8321736099574242
1328,7.177477863752781,-2.9847001158914925
1329,7.364101518002964,-2.725623237751035
1330,7.2682804254927245,-4.270268470988694
1331,8.338221835669959,-2.6300265508047875
1332,8.286255033921885,-2.274555053354863
1333,6.292384426810354,-1.9113412492904311
1334,7.606513503114518,-1.8701910316165145
1335,7.597420100235211,-1.4376862452252488
1336,7.169219434198356,-2.371482817221858
1337,7.537448652141877,-2.043224883299297
1338,6.942545415251714,-2.5848157019349305
1339,7.419198469479569,-3.2851230291889344
1340,7.60070325722037,-3.4423590695527984
1341,6.330570710236985,-2.5585139585973318
1342,6.131884390324445,-2.6549505079942124
1343,5.743128835490185,-2.873927708442255
1344,8.20172354233037,-2.6081644565873496
1345,7.396072046039853,-2.8395128602599287
1346,6.526660554527626,-2.2379888035924287
1347,7.692244746480141,-4.016159521606673
1348,6.961606536617818,-1.7351016716201269
1349,7.352961325957731,-2.634796489149144
1350,7.88054626834909,-2.9905479060427345
1351,7.203192989751606,-1.766425955508247
1352,7.180509267520609,-1.2794764348800756
1353,6.881588171153316,-4.145074122620541
1354,5.810716189396823,-2.8038510608009433
1355,8.920463705911459,-2.013137479247276
1356,8.225379567498464,-2.1158287401599316
1357,8.006023918020992,-3.2773035768932477
1358,7.233736229208397,-2.0116250469481156
1359,7.923089424545153,-2.074284181769419
1360,7.463474451986466,-2.76108875769446
1361,7.932133169370064,-2.2605250042339984
1362,7.878738520638661,-2.8575798043751863
1363,8.356650220862555,-2.6401157739958974
1364,9.26680213893542,-2.277167549118416
1365,6.532111184598061,-1.96028382632751
1366,6.635178603800605,-1.8533784222440821
1367,6.928074918324747,-3.43183832616555
1368,6.961314108652512,-2.067705330995236
1369,8.006373380017049,-2.1725561198911283
1370,6.993086644253631,-1.849415196104298
1371,7.125491969671402,-2.1669652365672043
1372,7.220548335570526,-1.5648043024603369
1373,6.763982254955883,-2.0736737704460264
1374,5.931761216804514,-2.804933576325054
1375,7.850845554697803,-2.0033534892592337
1376,7.222533204899802,-2.41541626127698
1377,8.601242100955023,-2.275610426541458
1378,6.476250402964631,-1.6979307715298135
1379,7.349652185187776,-0.957434599432657
1380,6.8885695380721454,-2.0245147462434128
1381,8.658615144400443,-2.215106224287524
1382,6.971018442595548,-2.2824194786966476
1383,7.528880237185709,-1.8595351200965875
1384,8.921777707563688,-2.639417404959932
1385,7.606047444150669,-2.1456089708952772
1386,8.209735592704108,-2.6607263397520393
1387,7.593119329841034,-3.384841035858583
1388,7.437279592986007,-3.2595553330737608
1389,6.52646572234609,-1.2199241261445393
1390,6.153223928542914,-2.372718402681754
1391,7.360457871950782,-1.2954153355148559
1392,7.30772258572321,-2.429126922395461
1393,8.0016631289116,-1.930268282395863
1394,8.283113671169122,-2.0431797654650508
1395,8.161635581499722,-3.3856371471401143
1396,8.111189726424408,-2.6932607484698803
1397,8.107892168862977,-2.8762183658655283
1398,7.390295453247287,-1.9887541975388574
1399,7.414344948157372,-1.3456989309590297
1400,6.761978228228861,1.7058649601117897
1401,7.404173778868413,2.9558787702477436
1402,6.844969126858935,2.5944108913124855
1403,7.547243995371964,1.694425865755583
1404,7.696631252758368,2.5638410381890355
1405,7.507337054714521,4.040801749423638
1406,7.863116637513261,1.813135702725943
1407,7.797164446896107,2.538510895654479
1408,7.411047332463569,3.6357667020558693
1409,8.850706127257341,3.789683720583282
1410,6.971121496106968,3.5586532970444984
1411,7.519977178785642,3.482449710473909
1412,8.173472018498494,2.0915012917618987
1413,6.417373238465151,3.9771867391265303
1414,8.644364168071409,1.942688848776592
1415,7.053517941887223,3.135016651867222
1416,7.249012716748456,2.720457915836063
1417,7.5057342409912655,1.5071623507449332
1418,6.950955973312245,2.0594917238622266
1419,7.170418193491388,2.4373106314442343
1420,7.1878999509313575,3.0586383285908476
1421,7.076292746881376,2.0844468251158323
1422,7.252194622462693,2.437333207055888
1423,6.363440114703677,2.1407839984324224
1424,7.03885266556007,1.447721655715203
1425,7.66133351536942,2.561260572931681
1426,7.077467657134355,2.3525339313400955
1427,6.445147886641048,2.0594668618159795
1428,7.489406086383878,2.893796333560596
1429,7.453634119724656,2.80488294088185
1430,8.334168153653438,1.900422798301668
1431,7.022696945957903,2.404585984610052
1432,6.367866746312132,2.5052307577413697
1433,8.17994865520975,1.709817057309042
1434,6.010364296904211,1.876783102414012
1435,7.586675275509045,1.495909937869144
1436,8.101525913736857,2.448423459270553
1437,6.463135734371806,3.0493153105453996
1438,7.290032305391533,1.9864566876488543
1439,7.784479308947516,2.3397336524394925
1440,7.461711315882287,1.3463845753540622
1441,7.392276806664014,1.3398395108159378
1442,6.825054677887463,2.2046703405630503
1443,7.015744368334937,3.168548204007842
1444,6.683419933928717,3.219036067601021
1445,8.346376437356229,2.476071217815811
1446,8.13567026627563,1.8922046754441268
1447,8.367509083661634,4.009027890552264
1448,6.944493288790959,1.862260003154697
1449,6.8727122441424,2.6308271046887644
1450,7.130742761082009,2.028585118250055
1451,7.820881390684282,2.0458598201886904
1452,7.39817045767317,1.5233189023327256
1453,7.7996387429594405,1.917239962212293
1454,8.755722019859864,2.9496541656426603
1455,7.122153705827247,2.0028463373330734
1456,6.498209072334758,2.677881295404767
1457,7.128951467566017,2.9987832071339033
1458,8.54540546164451,2.4578798264537327
1459,7.466105712566529,3.003280362744178
1460,7.5196436195154055,3.4507164783104907
1461,6.830639083645859,2.9611050909914707
1462,8.082388138181905,2.711825498438559
1463,7.4318001362238855,2.7953756087131887
1464,6.287859371036401,2.6741495881978503
1465,6.818734428653244,2.6709192471969683
1466,7.459680346756498,1.4416564286841922
1467,7.972416186221677,2.2282826207435136
1468,7.7813943279041755,2.479395416778442
1469,6.492968008532637,3.05827592879373
1470,6.449351446643768,2.630495755208091
1471,7.5149676452174825,2.962328376093015
1472,7.163823947549739,4.099395763251891
1473,7.178215953255441,2.8807511955022704
1474,8.090526585538527,2.9801713627033046
1475,7.128375177275563,2.8230549975665773
1476,7.818194251331573,2.690352809855804
1477,7.518955738553168,2.031506844239921
1478,7.897911113761005,3.106643300162112
1479,7.76129224568007,1.4896499042492324
1480,6.860711166664278,2.5691076704385987
1481,7.472039181674241,2.7045935954945683
1482,7.326576290111021,2.6519776313876586
1483,6.450886946692734,1.7317687846950287
1484,6.76421007163107,2.672347104399932
1485,6.475076082976388,1.65635526233584
1486,7.204924138195818,1.5625732701677464
1487,6.181571022701682,3.1922676875049
1488,7.577081094914918,2.7746311048028685
1489,7.038180892353103,3.44786071132381
1490,6.781454405688647,2.6509571253313724
1491,6.032851187954559,3.0334724114233174
1492,7.104325473254404,2.1384217511733628
1493,8.198263686218018,3.2489102642753935
1494,7.337307774210396,3.1189844484144813
1495,6.170015130429947,2.4501318672825456
1496,6.705386677385446,2.909405485824067
1497,7.821133509746647,3.6269665564603324
1498,7.747337153566832,2.9488812937278817
1499,7.27437749865358,2.862980906377487
1500,6.8761299475141975,7.857488808604728
1501,5.100001211901525,8.340419457275836
1502,5.839269707508806,6.239548402126209
1503,6.754924755652545,6.210707888478281
1504,7.246040448763335,7.014152827118761
1505,7.986175138248725,7.369411658405246
1506,7.756452339756855,7.293224552015173
1507,7.981101056727996,7.463645844175086
1508,8.640064782637129,7.275624828646853
1509,7.799324412437294,7.134964751652664
1510,8.018818630155424,8.671600596724568
1511,6.8973288972685385,8.350760214832745
1512,8.335515031009662,7.910866086144185
1513,8.24540980623329,7.727919462198613
1514,6.708451285202116,6.574213299412957
1515,7.414861969210746,7.503930298939102
1516,6.031722989933875,7.4394449897209896
1517,8.051647433490821,7.684354734556904
1518,7.639538496896755,7.697111201881543
1519,8.273443391087312,7.91677549759043
1520,7.221390613465173,7.911299101294147
1521,8.30107539545571,8.31296125362807
1522,7.170338659239265,7.342446406509189
1523,7.374053882948428,7.727503092193282
1524,8.302785917352265,6.860863079241675
1525,7.935709003323668,7.414957406773108
1526,7.232198944078064,6.935787888262357
1527,8.531827890014135,7.586052955687519
1528,8.905111285075057,8.461622836460378
1529,6.7619918678316235,6.468834679471849
1530,8.454269629453993,7.843319768291579
1531,7.54296781326006,7.340155278319743
1532,7.177460048828594,7.17766743608029
1533,6.306133483429071,6.642709151504722
1534,7.732039462158474,8.512677465289393
1535,7.211811529514395,5.925037888520999
1536,8.61619754110558,7.085652570034086
1537,7.797292465660558,8.230987522849492
1538,7.5767146163327785,7.916061393572859
1539,7.391762751421582,7.895815082112545
1540,6.824513971297146,6.658679412131036
1541,7.650174749869034,7.0441076546056545
1542,6.316993058135083,7.993956839918498
1543,6.732716604713748,6.726307346428973
1544,8.245390482394221,6.81134794310976
1545,6.959989263274073,8.87480026569594
1546,8.546511173447252,8.950181734772032
1547,7.774753690577588,7.704734204333735
1548,6.985748282626922,6.619773254646433
1549,8.16219605486064,8.314268279625018
1550,7.753406981392796,7.216663551413778
1551,7.446132868104786,8.855334453582437
1552,7.455938665999117,7.1960949887418835
1553,6.98602322923973,7.996367017967134
1554,7.880402382918966,6.862773276068048
1555,7.002175371624944,5.371929659488387
1556,7.4098285889557935,7.057489017321718
1557,8.284583278780582,7.376108668416582
1558,8.461651748195834,7.392400353035966
1559,6.468276998721907,6.438989065132295
1560,5.831284302854568,7.338763307897945
1561,7.119282456084745,6.880312288630537
1562,6.8606303163141495,6.981337416008637
1563,7.28172809979205,7.394648616789999
1564,6.579869744780324,6.384205297422882
1565,8.746861644270364,8.348192602881392
1566,8.246834254630441,7.155540540450685
1567,7.888048909302306,7.318541217937006
1568,7.277417225993684,5.717032137565832
1569,6.290129545747318,8.573541911176877
1570,8.253316850129096,7.737145248786879
1571,7.156178120365913,6.556453189964871
1572,8.54336864428475,8.502487854858451
1573,8.28500665050927,7.633587749104485
1574,7.2934366833389985,8.186543631198827
1575,7.164765697808795,6.726418095689274
1576,7.749356202784036,6.363921145415533
1577,8.051194003575354,6.972015972160455
1578,7.851072035554939,7.550705097747919
1579,7.093222428943084,6.847455319342599
1580,8.069856537488786,8.510384201752927
1581,8.38318422118147,8.370430345285
1582,6.742028686539244,7.714784662039633
1583,7.888118600188463,6.775144684483703
1584,6.858586304581676,8.375945915416159
1585,7.650993014394097,7.333942403998545
1586,7.214014180633755,7.048500283676056
1587,8.476704870558994,6.808905255138976
1588,6.5592450870663,8.193322579450074
1589,8.082641863325291,7.283917215776633
1590,7.421589142310469,7.864518346121584
1591,7.6125229834021795,6.601235969514341
1592,8.173968735084454,6.66486269116134
1593,7.27162809246959,8.706651287893655
1594,7.882579239432404,7.865937737607586
1595,7.7446052723155825,8.408456491080994
1596,7.490240481038729,7.28775115932594
1597,7.2129071812275205,7.60154526755358
1598,6.577173149682161,6.779429602438891
1599,8.128273315967977,8.025990852460186
